Code,Category,Description
01110,"Agriculture, Forestry and Fishing","Growing of cereals (except rice), leguminous crops and oil seeds"
01120,"Agriculture, Forestry and Fishing",Growing of rice
01130,"Agriculture, Forestry and Fishing","Growing of vegetables and melons, roots and tubers"
01140,"Agriculture, Forestry and Fishing",Growing of sugar cane
01150,"Agriculture, Forestry and Fishing",Growing of tobacco
01160,"Agriculture, Forestry and Fishing",Growing of fibre crops
01190,"Agriculture, Forestry and Fishing",Growing of other non-perennial crops
01210,"Agriculture, Forestry and Fishing",Growing of grapes
01220,"Agriculture, Forestry and Fishing",Growing of tropical and subtropical fruits
01230,"Agriculture, Forestry and Fishing",Growing of citrus fruits
01240,"Agriculture, Forestry and Fishing",Growing of pome fruits and stone fruits
01250,"Agriculture, Forestry and Fishing",Growing of other tree and bush fruits and nuts
01260,"Agriculture, Forestry and Fishing",Growing of oleaginous fruits
01270,"Agriculture, Forestry and Fishing",Growing of beverage crops
01280,"Agriculture, Forestry and Fishing","Growing of spices, aromatic, drug and pharmaceutical crops"
01290,"Agriculture, Forestry and Fishing",Growing of other perennial crops
01300,"Agriculture, Forestry and Fishing",Plant propagation
01410,"Agriculture, Forestry and Fishing",Raising of dairy cattle
01420,"Agriculture, Forestry and Fishing",Raising of other cattle and buffaloes
01430,"Agriculture, Forestry and Fishing",Raising of horses and other equines
01440,"Agriculture, Forestry and Fishing",Raising of camels and camelids
01450,"Agriculture, Forestry and Fishing",Raising of sheep and goats
01460,"Agriculture, Forestry and Fishing",Raising of swine/pigs
01470,"Agriculture, Forestry and Fishing",Raising of poultry
01490,"Agriculture, Forestry and Fishing",Raising of other animals
01500,"Agriculture, Forestry and Fishing",Mixed farming
01610,"Agriculture, Forestry and Fishing",Support activities for crop production
01621,"Agriculture, Forestry and Fishing",Farm animal boarding and care
01629,"Agriculture, Forestry and Fishing",Support activities for animal production (other than farm animal boarding and care) n.e.c.
01630,"Agriculture, Forestry and Fishing",Post-harvest crop activities
01640,"Agriculture, Forestry and Fishing",Seed processing for propagation
01700,"Agriculture, Forestry and Fishing","Hunting, trapping and related service activities"
02100,"Agriculture, Forestry and Fishing",Silviculture and other forestry activities
02200,"Agriculture, Forestry and Fishing",Logging
02300,"Agriculture, Forestry and Fishing",Gathering of wild growing non-wood products
02400,"Agriculture, Forestry and Fishing",Support services to forestry
03110,"Agriculture, Forestry and Fishing",Marine fishing
03120,"Agriculture, Forestry and Fishing",Freshwater fishing
03210,"Agriculture, Forestry and Fishing",Marine aquaculture
03220,"Agriculture, Forestry and Fishing",Freshwater aquaculture
05101,Mining and Quarrying,Deep coal mines
05102,Mining and Quarrying,Open cast coal working
05200,Mining and Quarrying,Mining of lignite
06100,Mining and Quarrying,Extraction of crude petroleum
06200,Mining and Quarrying,Extraction of natural gas
07100,Mining and Quarrying,Mining of iron ores
07210,Mining and Quarrying,Mining of uranium and thorium ores
07290,Mining and Quarrying,Mining of other non-ferrous metal ores
08110,Mining and Quarrying,"Quarrying of ornamental and building stone, limestone, gypsum, chalk and slate"
08120,Mining and Quarrying,Operation of gravel and sand pits; mining of clays and kaolin
08910,Mining and Quarrying,Mining of chemical and fertilizer minerals
08920,Mining and Quarrying,Extraction of peat
08930,Mining and Quarrying,Extraction of salt
08990,Mining and Quarrying,Other mining and quarrying n.e.c.
09100,Mining and Quarrying,Support activities for petroleum and natural gas mining
09900,Mining and Quarrying,Support activities for other mining and quarrying
10110,Manufacturing,Processing and preserving of meat
10120,Manufacturing,Processing and preserving of poultry meat
10130,Manufacturing,Production of meat and poultry meat products
10200,Manufacturing,"Processing and preserving of fish, crustaceans and molluscs"
10310,Manufacturing,Processing and preserving of potatoes
10320,Manufacturing,Manufacture of fruit and vegetable juice
10390,Manufacturing,Other processing and preserving of fruit and vegetables
10410,Manufacturing,Manufacture of oils and fats
10420,Manufacturing,Manufacture of margarine and similar edible fats
10511,Manufacturing,Liquid milk and cream production
10512,Manufacturing,Butter and cheese production
10519,Manufacturing,Manufacture of other milk products
10520,Manufacturing,Manufacture of ice cream
10611,Manufacturing,Grain milling
10612,Manufacturing,Manufacture of breakfast cereals and cereals-based food
10620,Manufacturing,Manufacture of starches and starch products
10710,Manufacturing,Manufacture of bread; manufacture of fresh pastry goods and cakes
10720,Manufacturing,Manufacture of rusks and biscuits; manufacture of preserved pastry goods and cakes
10730,Manufacturing,"Manufacture of macaroni, noodles, couscous and similar farinaceous products"
10810,Manufacturing,Manufacture of sugar
10821,Manufacturing,Manufacture of cocoa and chocolate confectionery
10822,Manufacturing,Manufacture of sugar confectionery
10831,Manufacturing,Tea processing
10832,Manufacturing,Production of coffee and coffee substitutes
10840,Manufacturing,Manufacture of condiments and seasonings
10850,Manufacturing,Manufacture of prepared meals and dishes
10860,Manufacturing,Manufacture of homogenized food preparations and dietetic food
10890,Manufacturing,Manufacture of other food products n.e.c.
10910,Manufacturing,Manufacture of prepared feeds for farm animals
10920,Manufacturing,Manufacture of prepared pet foods
11010,Manufacturing,"Distilling, rectifying and blending of spirits"
11020,Manufacturing,Manufacture of wine from grape
11030,Manufacturing,Manufacture of cider and other fruit wines
11040,Manufacturing,Manufacture of other non-distilled fermented beverages
11050,Manufacturing,Manufacture of beer
11060,Manufacturing,Manufacture of malt
11070,Manufacturing,Manufacture of soft drinks; production of mineral waters and other bottled waters
12000,Manufacturing,Manufacture of tobacco products
13100,Manufacturing,Preparation and spinning of textile fibres
13200,Manufacturing,Weaving of textiles
13300,Manufacturing,Finishing of textiles
13910,Manufacturing,Manufacture of knitted and crocheted fabrics
13921,Manufacturing,Manufacture of soft furnishings
13922,Manufacturing,"manufacture of canvas goods, sacks, etc."
13923,Manufacturing,manufacture of household textiles
13931,Manufacturing,Manufacture of woven or tufted carpets and rugs
13939,Manufacturing,Manufacture of other carpets and rugs
13940,Manufacturing,"Manufacture of cordage, rope, twine and netting"
13950,Manufacturing,"Manufacture of non-wovens and articles made from non-wovens, except apparel"
13960,Manufacturing,Manufacture of other technical and industrial textiles
13990,Manufacturing,Manufacture of other textiles n.e.c.
14110,Manufacturing,Manufacture of leather clothes
14120,Manufacturing,Manufacture of workwear
14131,Manufacturing,Manufacture of other men's outerwear
14132,Manufacturing,Manufacture of other women's outerwear
14141,Manufacturing,Manufacture of men's underwear
14142,Manufacturing,Manufacture of women's underwear
14190,Manufacturing,Manufacture of other wearing apparel and accessories n.e.c.
14200,Manufacturing,Manufacture of articles of fur
14310,Manufacturing,Manufacture of knitted and crocheted hosiery
14390,Manufacturing,Manufacture of other knitted and crocheted apparel
15110,Manufacturing,Tanning and dressing of leather; dressing and dyeing of fur
15120,Manufacturing,"Manufacture of luggage, handbags and the like, saddlery and harness"
15200,Manufacturing,Manufacture of footwear
16100,Manufacturing,Sawmilling and planing of wood
16210,Manufacturing,Manufacture of veneer sheets and wood-based panels
16220,Manufacturing,Manufacture of assembled parquet floors
16230,Manufacturing,Manufacture of other builders' carpentry and joinery
16240,Manufacturing,Manufacture of wooden containers
16290,Manufacturing,"Manufacture of other products of wood; manufacture of articles of cork, straw and plaiting materials"
17110,Manufacturing,Manufacture of pulp
17120,Manufacturing,Manufacture of paper and paperboard
17211,Manufacturing,"Manufacture of corrugated paper and paperboard, sacks and bags"
17219,Manufacturing,Manufacture of other paper and paperboard containers
17220,Manufacturing,Manufacture of household and sanitary goods and of toilet requisites
17230,Manufacturing,Manufacture of paper stationery
17240,Manufacturing,Manufacture of wallpaper
17290,Manufacturing,Manufacture of other articles of paper and paperboard n.e.c.
18110,Manufacturing,Printing of newspapers
18121,Manufacturing,Manufacture of printed labels
18129,Manufacturing,Printing n.e.c.
18130,Manufacturing,Pre-press and pre-media services
18140,Manufacturing,Binding and related services
18201,Manufacturing,Reproduction of sound recording
18202,Manufacturing,Reproduction of video recording
18203,Manufacturing,Reproduction of computer media
19100,Manufacturing,Manufacture of coke oven products
19201,Manufacturing,Mineral oil refining
19209,Manufacturing,Other treatment of petroleum products (excluding petrochemicals manufacture)
20110,Manufacturing,Manufacture of industrial gases
20120,Manufacturing,Manufacture of dyes and pigments
20130,Manufacturing,Manufacture of other inorganic basic chemicals
20140,Manufacturing,Manufacture of other organic basic chemicals
20150,Manufacturing,Manufacture of fertilizers and nitrogen compounds
20160,Manufacturing,Manufacture of plastics in primary forms
20170,Manufacturing,Manufacture of synthetic rubber in primary forms
20200,Manufacturing,Manufacture of pesticides and other agrochemical products
20301,Manufacturing,"Manufacture of paints, varnishes and similar coatings, mastics and sealants"
20302,Manufacturing,Manufacture of printing ink
20411,Manufacturing,Manufacture of soap and detergents
20412,Manufacturing,Manufacture of cleaning and polishing preparations
20420,Manufacturing,Manufacture of perfumes and toilet preparations
20510,Manufacturing,Manufacture of explosives
20520,Manufacturing,Manufacture of glues
20530,Manufacturing,Manufacture of essential oils
20590,Manufacturing,Manufacture of other chemical products n.e.c.
20600,Manufacturing,Manufacture of man-made fibres
21100,Manufacturing,Manufacture of basic pharmaceutical products
21200,Manufacturing,Manufacture of pharmaceutical preparations
22110,Manufacturing,Manufacture of rubber tyres and tubes; retreading and rebuilding of rubber tyres
22190,Manufacturing,Manufacture of other rubber products
22210,Manufacturing,"Manufacture of plastic plates, sheets, tubes and profiles"
22220,Manufacturing,Manufacture of plastic packing goods
22230,Manufacturing,Manufacture of builders ware of plastic
22290,Manufacturing,Manufacture of other plastic products
23110,Manufacturing,Manufacture of flat glass
23120,Manufacturing,Shaping and processing of flat glass
23130,Manufacturing,Manufacture of hollow glass
23140,Manufacturing,Manufacture of glass fibres
23190,Manufacturing,"Manufacture and processing of other glass, including technical glassware"
23200,Manufacturing,Manufacture of refractory products
23310,Manufacturing,Manufacture of ceramic tiles and flags
23320,Manufacturing,"Manufacture of bricks, tiles and construction products, in baked clay"
23410,Manufacturing,Manufacture of ceramic household and ornamental articles
23420,Manufacturing,Manufacture of ceramic sanitary fixtures
23430,Manufacturing,Manufacture of ceramic insulators and insulating fittings
23440,Manufacturing,Manufacture of other technical ceramic products
23490,Manufacturing,Manufacture of other ceramic products n.e.c.
23510,Manufacturing,Manufacture of cement
23520,Manufacturing,Manufacture of lime and plaster
23610,Manufacturing,Manufacture of concrete products for construction purposes
23620,Manufacturing,Manufacture of plaster products for construction purposes
23630,Manufacturing,Manufacture of ready-mixed concrete
23640,Manufacturing,Manufacture of mortars
23650,Manufacturing,Manufacture of fibre cement
23690,Manufacturing,"Manufacture of other articles of concrete, plaster and cement"
23700,Manufacturing,"Cutting, shaping and finishing of stone"
23910,Manufacturing,Production of abrasive products
23990,Manufacturing,Manufacture of other non-metallic mineral products n.e.c.
24100,Manufacturing,Manufacture of basic iron and steel and of ferro-alloys
24200,Manufacturing,"Manufacture of tubes, pipes, hollow profiles and related fittings, of steel"
24310,Manufacturing,Cold drawing of bars
24320,Manufacturing,Cold rolling of narrow strip
24330,Manufacturing,Cold forming or folding
24340,Manufacturing,Cold drawing of wire
24410,Manufacturing,Precious metals production
24420,Manufacturing,Aluminium production
24430,Manufacturing,"Lead, zinc and tin production"
24440,Manufacturing,Copper production
24450,Manufacturing,Other non-ferrous metal production
24460,Manufacturing,Processing of nuclear fuel
24510,Manufacturing,Casting of iron
24520,Manufacturing,Casting of steel
24530,Manufacturing,Casting of light metals
24540,Manufacturing,Casting of other non-ferrous metals
25110,Manufacturing,Manufacture of metal structures and parts of structures
25120,Manufacturing,Manufacture of doors and windows of metal
25210,Manufacturing,Manufacture of central heating radiators and boilers
25290,Manufacturing,"Manufacture of other tanks, reservoirs and containers of metal"
25300,Manufacturing,"Manufacture of steam generators, except central heating hot water boilers"
25400,Manufacturing,Manufacture of weapons and ammunition
25500,Manufacturing,"Forging, pressing, stamping and roll-forming of metal; powder metallurgy"
25610,Manufacturing,Treatment and coating of metals
25620,Manufacturing,Machining
25710,Manufacturing,Manufacture of cutlery
25720,Manufacturing,Manufacture of locks and hinges
25730,Manufacturing,Manufacture of tools
25910,Manufacturing,Manufacture of steel drums and similar containers
25920,Manufacturing,Manufacture of light metal packaging
25930,Manufacturing,"Manufacture of wire products, chain and springs"
25940,Manufacturing,Manufacture of fasteners and screw machine products
25990,Manufacturing,Manufacture of other fabricated metal products n.e.c.
26110,Manufacturing,Manufacture of electronic components
26120,Manufacturing,Manufacture of loaded electronic boards
26200,Manufacturing,Manufacture of computers and peripheral equipment
26301,Manufacturing,Manufacture of telegraph and telephone apparatus and equipment
26309,Manufacturing,"Manufacture of communication equipment other than telegraph, and telephone apparatus and equipment"
26400,Manufacturing,Manufacture of consumer electronics
26511,Manufacturing,"Manufacture of electronic measuring, testing etc. equipment, not for industrial process control"
26512,Manufacturing,Manufacture of electronic industrial process control equipment
26513,Manufacturing,"Manufacture of non-electronic measuring, testing etc. equipment, not for industrial process control"
26514,Manufacturing,Manufacture of non-electronic industrial process control equipment
26520,Manufacturing,Manufacture of watches and clocks
26600,Manufacturing,"Manufacture of irradiation, electromedical and electrotherapeutic equipment"
26701,Manufacturing,Manufacture of optical precision instruments
26702,Manufacturing,Manufacture of photographic and cinematographic equipment
26800,Manufacturing,Manufacture of magnetic and optical media
27110,Manufacturing,"Manufacture of electric motors, generators and transformers"
27120,Manufacturing,Manufacture of electricity distribution and control apparatus
27200,Manufacturing,Manufacture of batteries and accumulators
27310,Manufacturing,Manufacture of fibre optic cables
27320,Manufacturing,Manufacture of other electronic and electric wires and cables
27330,Manufacturing,Manufacture of wiring devices
27400,Manufacturing,Manufacture of electric lighting equipment
27510,Manufacturing,Manufacture of electric domestic appliances
27520,Manufacturing,Manufacture of non-electric domestic appliances
27900,Manufacturing,Manufacture of other electrical equipment
28110,Manufacturing,"Manufacture of engines and turbines, except aircraft, vehicle and cycle engines"
28120,Manufacturing,Manufacture of fluid power equipment
28131,Manufacturing,Manufacture of pumps
28132,Manufacturing,Manufacture of compressors
28140,Manufacturing,Manufacture of taps and valves
28150,Manufacturing,"Manufacture of bearings, gears, gearing and driving elements"
28210,Manufacturing,"Manufacture of ovens, furnaces and furnace burners"
28220,Manufacturing,Manufacture of lifting and handling equipment
28230,Manufacturing,Manufacture of office machinery and equipment (except computers and peripheral equipment)
28240,Manufacturing,Manufacture of power-driven hand tools
28250,Manufacturing,Manufacture of non-domestic cooling and ventilation equipment
28290,Manufacturing,Manufacture of other general-purpose machinery n.e.c.
28301,Manufacturing,Manufacture of agricultural tractors
28302,Manufacturing,Manufacture of agricultural and forestry machinery other than tractors
28410,Manufacturing,Manufacture of metal forming machinery
28490,Manufacturing,Manufacture of other machine tools
28910,Manufacturing,Manufacture of machinery for metallurgy
28921,Manufacturing,Manufacture of machinery for mining
28922,Manufacturing,Manufacture of earthmoving equipment
28923,Manufacturing,Manufacture of equipment for concrete crushing and screening and roadworks
28930,Manufacturing,"Manufacture of machinery for food, beverage and tobacco processing"
28940,Manufacturing,"Manufacture of machinery for textile, apparel and leather production"
28950,Manufacturing,Manufacture of machinery for paper and paperboard production
28960,Manufacturing,Manufacture of plastics and rubber machinery
28990,Manufacturing,Manufacture of other special-purpose machinery n.e.c.
29100,Manufacturing,Manufacture of motor vehicles
29201,Manufacturing,Manufacture of bodies (coachwork) for motor vehicles (except caravans)
29202,Manufacturing,Manufacture of trailers and semi-trailers
29203,Manufacturing,Manufacture of caravans
29310,Manufacturing,Manufacture of electrical and electronic equipment for motor vehicles and their engines
29320,Manufacturing,Manufacture of other parts and accessories for motor vehicles
30110,Manufacturing,Building of ships and floating structures
30120,Manufacturing,Building of pleasure and sporting boats
30200,Manufacturing,Manufacture of railway locomotives and rolling stock
30300,Manufacturing,Manufacture of air and spacecraft and related machinery
30400,Manufacturing,Manufacture of military fighting vehicles
30910,Manufacturing,Manufacture of motorcycles
30920,Manufacturing,Manufacture of bicycles and invalid carriages
30990,Manufacturing,Manufacture of other transport equipment n.e.c.
31010,Manufacturing,Manufacture of office and shop furniture
31020,Manufacturing,Manufacture of kitchen furniture
31030,Manufacturing,Manufacture of mattresses
31090,Manufacturing,Manufacture of other furniture
32110,Manufacturing,Striking of coins
32120,Manufacturing,Manufacture of jewellery and related articles
32130,Manufacturing,Manufacture of imitation jewellery and related articles
32200,Manufacturing,Manufacture of musical instruments
32300,Manufacturing,Manufacture of sports goods
32401,Manufacturing,Manufacture of professional and arcade games and toys
32409,Manufacturing,"Manufacture of other games and toys, n.e.c."
32500,Manufacturing,Manufacture of medical and dental instruments and supplies
32910,Manufacturing,Manufacture of brooms and brushes
32990,Manufacturing,Other manufacturing n.e.c.
33110,Manufacturing,Repair of fabricated metal products
33120,Manufacturing,Repair of machinery
33130,Manufacturing,Repair of electronic and optical equipment
33140,Manufacturing,Repair of electrical equipment
33150,Manufacturing,Repair and maintenance of ships and boats
33160,Manufacturing,Repair and maintenance of aircraft and spacecraft
33170,Manufacturing,Repair and maintenance of other transport equipment n.e.c.
33190,Manufacturing,Repair of other equipment
33200,Manufacturing,Installation of industrial machinery and equipment
35110,"Electricity, gas, steam and air conditioning supply",Production of electricity
35120,"Electricity, gas, steam and air conditioning supply",Transmission of electricity
35130,"Electricity, gas, steam and air conditioning supply",Distribution of electricity
35140,"Electricity, gas, steam and air conditioning supply",Trade of electricity
35210,"Electricity, gas, steam and air conditioning supply",Manufacture of gas
35220,"Electricity, gas, steam and air conditioning supply",Distribution of gaseous fuels through mains
35230,"Electricity, gas, steam and air conditioning supply",Trade of gas through mains
35300,"Electricity, gas, steam and air conditioning supply",Steam and air conditioning supply
36000,"Water supply, sewerage, waste management and remediation activities","Water collection, treatment and supply"
37000,"Water supply, sewerage, waste management and remediation activities",Sewerage
38110,"Water supply, sewerage, waste management and remediation activities",Collection of non-hazardous waste
38120,"Water supply, sewerage, waste management and remediation activities",Collection of hazardous waste
38210,"Water supply, sewerage, waste management and remediation activities",Treatment and disposal of non-hazardous waste
38220,"Water supply, sewerage, waste management and remediation activities",Treatment and disposal of hazardous waste
38310,"Water supply, sewerage, waste management and remediation activities",Dismantling of wrecks
38320,"Water supply, sewerage, waste management and remediation activities",Recovery of sorted materials
39000,"Water supply, sewerage, waste management and remediation activities",Remediation activities and other waste management services
41100,Construction,Development of building projects
41201,Construction,Construction of commercial buildings
41202,Construction,Construction of domestic buildings
42110,Construction,Construction of roads and motorways
42120,Construction,Construction of railways and underground railways
42130,Construction,Construction of bridges and tunnels
42210,Construction,Construction of utility projects for fluids
42220,Construction,Construction of utility projects for electricity and telecommunications
42910,Construction,Construction of water projects
42990,Construction,Construction of other civil engineering projects n.e.c.
43110,Construction,Demolition
43120,Construction,Site preparation
43130,Construction,Test drilling and boring
43210,Construction,Electrical installation
43220,Construction,"Plumbing, heat and air-conditioning installation"
43290,Construction,Other construction installation
43310,Construction,Plastering
43320,Construction,Joinery installation
43330,Construction,Floor and wall covering
43341,Construction,Painting
43342,Construction,Glazing
43390,Construction,Other building completion and finishing
43910,Construction,Roofing activities
43991,Construction,Scaffold erection
43999,Construction,Other specialised construction activities n.e.c.
45111,Wholesale and retail trade; repair of motor vehicles and motorcycles,Sale of new cars and light motor vehicles
45112,Wholesale and retail trade; repair of motor vehicles and motorcycles,Sale of used cars and light motor vehicles
45190,Wholesale and retail trade; repair of motor vehicles and motorcycles,Sale of other motor vehicles
45200,Wholesale and retail trade; repair of motor vehicles and motorcycles,Maintenance and repair of motor vehicles
45310,Wholesale and retail trade; repair of motor vehicles and motorcycles,Wholesale trade of motor vehicle parts and accessories
45320,Wholesale and retail trade; repair of motor vehicles and motorcycles,Retail trade of motor vehicle parts and accessories
45400,Wholesale and retail trade; repair of motor vehicles and motorcycles,"Sale, maintenance and repair of motorcycles and related parts and accessories"
46110,Wholesale and retail trade; repair of motor vehicles and motorcycles,"Agents selling agricultural raw materials, livestock, textile raw materials and semi-finished goods"
46120,Wholesale and retail trade; repair of motor vehicles and motorcycles,"Agents involved in the sale of fuels, ores, metals and industrial chemicals"
46130,Wholesale and retail trade; repair of motor vehicles and motorcycles,Agents involved in the sale of timber and building materials
46140,Wholesale and retail trade; repair of motor vehicles and motorcycles,"Agents involved in the sale of machinery, industrial equipment, ships and aircraft"
46150,Wholesale and retail trade; repair of motor vehicles and motorcycles,"Agents involved in the sale of furniture, household goods, hardware and ironmongery"
46160,Wholesale and retail trade; repair of motor vehicles and motorcycles,"Agents involved in the sale of textiles, clothing, fur, footwear and leather goods"
46170,Wholesale and retail trade; repair of motor vehicles and motorcycles,"Agents involved in the sale of food, beverages and tobacco"
46180,Wholesale and retail trade; repair of motor vehicles and motorcycles,Agents specialised in the sale of other particular products
46190,Wholesale and retail trade; repair of motor vehicles and motorcycles,Agents involved in the sale of a variety of goods
46210,Wholesale and retail trade; repair of motor vehicles and motorcycles,"Wholesale of grain, unmanufactured tobacco, seeds and animal feeds"
46220,Wholesale and retail trade; repair of motor vehicles and motorcycles,Wholesale of flowers and plants
46230,Wholesale and retail trade; repair of motor vehicles and motorcycles,Wholesale of live animals
46240,Wholesale and retail trade; repair of motor vehicles and motorcycles,"Wholesale of hides, skins and leather"
46310,Wholesale and retail trade; repair of motor vehicles and motorcycles,Wholesale of fruit and vegetables
46320,Wholesale and retail trade; repair of motor vehicles and motorcycles,Wholesale of meat and meat products
46330,Wholesale and retail trade; repair of motor vehicles and motorcycles,"Wholesale of dairy products, eggs and edible oils and fats"
46341,Wholesale and retail trade; repair of motor vehicles and motorcycles,"Wholesale of fruit and vegetable juices, mineral water and soft drinks"
46342,Wholesale and retail trade; repair of motor vehicles and motorcycles,"Wholesale of wine, beer, spirits and other alcoholic beverages"
46350,Wholesale and retail trade; repair of motor vehicles and motorcycles,Wholesale of tobacco products
46360,Wholesale and retail trade; repair of motor vehicles and motorcycles,Wholesale of sugar and chocolate and sugar confectionery
46370,Wholesale and retail trade; repair of motor vehicles and motorcycles,"Wholesale of coffee, tea, cocoa and spices"
46380,Wholesale and retail trade; repair of motor vehicles and motorcycles,"Wholesale of other food, including fish, crustaceans and molluscs"
46390,Wholesale and retail trade; repair of motor vehicles and motorcycles,"Non-specialised wholesale of food, beverages and tobacco"
46410,Wholesale and retail trade; repair of motor vehicles and motorcycles,Wholesale of textiles
46420,Wholesale and retail trade; repair of motor vehicles and motorcycles,Wholesale of clothing and footwear
46431,Wholesale and retail trade; repair of motor vehicles and motorcycles,"Wholesale of audio tapes, records, CDs and video tapes and the equipment on which these are played"
46439,Wholesale and retail trade; repair of motor vehicles and motorcycles,"Wholesale of radio, television goods & electrical household appliances (other than records, tapes, CD's & video tapes and the equipment used for playing them)"
46440,Wholesale and retail trade; repair of motor vehicles and motorcycles,Wholesale of china and glassware and cleaning materials
46450,Wholesale and retail trade; repair of motor vehicles and motorcycles,Wholesale of perfume and cosmetics
46460,Wholesale and retail trade; repair of motor vehicles and motorcycles,Wholesale of pharmaceutical goods
46470,Wholesale and retail trade; repair of motor vehicles and motorcycles,"Wholesale of furniture, carpets and lighting equipment"
46480,Wholesale and retail trade; repair of motor vehicles and motorcycles,Wholesale of watches and jewellery
46491,Wholesale and retail trade; repair of motor vehicles and motorcycles,Wholesale of musical instruments
46499,Wholesale and retail trade; repair of motor vehicles and motorcycles,Wholesale of household goods (other than musical instruments) n.e.c
46510,Wholesale and retail trade; repair of motor vehicles and motorcycles,"Wholesale of computers, computer peripheral equipment and software"
46520,Wholesale and retail trade; repair of motor vehicles and motorcycles,Wholesale of electronic and telecommunications equipment and parts
46610,Wholesale and retail trade; repair of motor vehicles and motorcycles,"Wholesale of agricultural machinery, equipment and supplies"
46620,Wholesale and retail trade; repair of motor vehicles and motorcycles,Wholesale of machine tools
46630,Wholesale and retail trade; repair of motor vehicles and motorcycles,"Wholesale of mining, construction and civil engineering machinery"
46640,Wholesale and retail trade; repair of motor vehicles and motorcycles,Wholesale of machinery for the textile industry and of sewing and knitting machines
46650,Wholesale and retail trade; repair of motor vehicles and motorcycles,Wholesale of office furniture
46660,Wholesale and retail trade; repair of motor vehicles and motorcycles,Wholesale of other office machinery and equipment
46690,Wholesale and retail trade; repair of motor vehicles and motorcycles,Wholesale of other machinery and equipment
46711,Wholesale and retail trade; repair of motor vehicles and motorcycles,Wholesale of petroleum and petroleum products
46719,Wholesale and retail trade; repair of motor vehicles and motorcycles,Wholesale of other fuels and related products
46720,Wholesale and retail trade; repair of motor vehicles and motorcycles,Wholesale of metals and metal ores
46730,Wholesale and retail trade; repair of motor vehicles and motorcycles,"Wholesale of wood, construction materials and sanitary equipment"
46740,Wholesale and retail trade; repair of motor vehicles and motorcycles,"Wholesale of hardware, plumbing and heating equipment and supplies"
46750,Wholesale and retail trade; repair of motor vehicles and motorcycles,Wholesale of chemical products
46760,Wholesale and retail trade; repair of motor vehicles and motorcycles,Wholesale of other intermediate products
46770,Wholesale and retail trade; repair of motor vehicles and motorcycles,Wholesale of waste and scrap
46900,Wholesale and retail trade; repair of motor vehicles and motorcycles,Non-specialised wholesale trade
47110,Wholesale and retail trade; repair of motor vehicles and motorcycles,"Retail sale in non-specialised stores with food, beverages or tobacco predominating"
47190,Wholesale and retail trade; repair of motor vehicles and motorcycles,Other retail sale in non-specialised stores
47210,Wholesale and retail trade; repair of motor vehicles and motorcycles,Retail sale of fruit and vegetables in specialised stores
47220,Wholesale and retail trade; repair of motor vehicles and motorcycles,Retail sale of meat and meat products in specialised stores
47230,Wholesale and retail trade; repair of motor vehicles and motorcycles,"Retail sale of fish, crustaceans and molluscs in specialised stores"
47240,Wholesale and retail trade; repair of motor vehicles and motorcycles,"Retail sale of bread, cakes, flour confectionery and sugar confectionery in specialised stores"
47250,Wholesale and retail trade; repair of motor vehicles and motorcycles,Retail sale of beverages in specialised stores
47260,Wholesale and retail trade; repair of motor vehicles and motorcycles,Retail sale of tobacco products in specialised stores
47290,Wholesale and retail trade; repair of motor vehicles and motorcycles,Other retail sale of food in specialised stores
47300,Wholesale and retail trade; repair of motor vehicles and motorcycles,Retail sale of automotive fuel in specialised stores
47410,Wholesale and retail trade; repair of motor vehicles and motorcycles,"Retail sale of computers, peripheral units and software in specialised stores"
47421,Wholesale and retail trade; repair of motor vehicles and motorcycles,Retail sale of mobile telephones
47429,Wholesale and retail trade; repair of motor vehicles and motorcycles,Retail sale of telecommunications equipment other than mobile telephones
47430,Wholesale and retail trade; repair of motor vehicles and motorcycles,Retail sale of audio and video equipment in specialised stores
47510,Wholesale and retail trade; repair of motor vehicles and motorcycles,Retail sale of textiles in specialised stores
47520,Wholesale and retail trade; repair of motor vehicles and motorcycles,"Retail sale of hardware, paints and glass in specialised stores"
47530,Wholesale and retail trade; repair of motor vehicles and motorcycles,"Retail sale of carpets, rugs, wall and floor coverings in specialised stores"
47540,Wholesale and retail trade; repair of motor vehicles and motorcycles,Retail sale of electrical household appliances in specialised stores
47591,Wholesale and retail trade; repair of motor vehicles and motorcycles,Retail sale of musical instruments and scores
47599,Wholesale and retail trade; repair of motor vehicles and motorcycles,"Retail of furniture, lighting, and similar (not musical instruments or scores) in specialised store"
47610,Wholesale and retail trade; repair of motor vehicles and motorcycles,Retail sale of books in specialised stores
47620,Wholesale and retail trade; repair of motor vehicles and motorcycles,Retail sale of newspapers and stationery in specialised stores
47630,Wholesale and retail trade; repair of motor vehicles and motorcycles,Retail sale of music and video recordings in specialised stores
47640,Wholesale and retail trade; repair of motor vehicles and motorcycles,"Retail sale of sports goods, fishing gear, camping goods, boats and bicycles"
47650,Wholesale and retail trade; repair of motor vehicles and motorcycles,Retail sale of games and toys in specialised stores
47710,Wholesale and retail trade; repair of motor vehicles and motorcycles,Retail sale of clothing in specialised stores
47721,Wholesale and retail trade; repair of motor vehicles and motorcycles,Retail sale of footwear in specialised stores
47722,Wholesale and retail trade; repair of motor vehicles and motorcycles,Retail sale of leather goods in specialised stores
47730,Wholesale and retail trade; repair of motor vehicles and motorcycles,Dispensing chemist in specialised stores
47741,Wholesale and retail trade; repair of motor vehicles and motorcycles,Retail sale of hearing aids
47749,Wholesale and retail trade; repair of motor vehicles and motorcycles,Retail sale of medical and orthopaedic goods in specialised stores (not incl. hearing aids) n.e.c.
47750,Wholesale and retail trade; repair of motor vehicles and motorcycles,Retail sale of cosmetic and toilet articles in specialised stores
47760,Wholesale and retail trade; repair of motor vehicles and motorcycles,"Retail sale of flowers, plants, seeds, fertilizers, pet animals and pet food in specialised stores"
47770,Wholesale and retail trade; repair of motor vehicles and motorcycles,Retail sale of watches and jewellery in specialised stores
47781,Wholesale and retail trade; repair of motor vehicles and motorcycles,Retail sale in commercial art galleries
47782,Wholesale and retail trade; repair of motor vehicles and motorcycles,Retail sale by opticians
47789,Wholesale and retail trade; repair of motor vehicles and motorcycles,Other retail sale of new goods in specialised stores (not commercial art galleries and opticians)
47791,Wholesale and retail trade; repair of motor vehicles and motorcycles,Retail sale of antiques including antique books in stores
47799,Wholesale and retail trade; repair of motor vehicles and motorcycles,Retail sale of other second-hand goods in stores (not incl. antiques)
47810,Wholesale and retail trade; repair of motor vehicles and motorcycles,"Retail sale via stalls and markets of food, beverages and tobacco products"
47820,Wholesale and retail trade; repair of motor vehicles and motorcycles,"Retail sale via stalls and markets of textiles, clothing and footwear"
47890,Wholesale and retail trade; repair of motor vehicles and motorcycles,Retail sale via stalls and markets of other goods
47910,Wholesale and retail trade; repair of motor vehicles and motorcycles,Retail sale via mail order houses or via Internet
47990,Wholesale and retail trade; repair of motor vehicles and motorcycles,"Other retail sale not in stores, stalls or markets"
49100,Transportation and storage,"Passenger rail transport, interurban"
49200,Transportation and storage,Freight rail transport
49311,Transportation and storage,"Urban and suburban passenger railway transportation by underground, metro and similar systems"
49319,Transportation and storage,"Other urban, suburban or metropolitan passenger land transport (not underground, metro or similar)"
49320,Transportation and storage,Taxi operation
49390,Transportation and storage,Other passenger land transport
49410,Transportation and storage,Freight transport by road
49420,Transportation and storage,Removal services
49500,Transportation and storage,Transport via pipeline
50100,Transportation and storage,Sea and coastal passenger water transport
50200,Transportation and storage,Sea and coastal freight water transport
50300,Transportation and storage,Inland passenger water transport
50400,Transportation and storage,Inland freight water transport
51101,Transportation and storage,Scheduled passenger air transport
51102,Transportation and storage,Non-scheduled passenger air transport
51210,Transportation and storage,Freight air transport
51220,Transportation and storage,Space transport
52101,Transportation and storage,Operation of warehousing and storage facilities for water transport activities
52102,Transportation and storage,Operation of warehousing and storage facilities for air transport activities
52103,Transportation and storage,Operation of warehousing and storage facilities for land transport activities
52211,Transportation and storage,Operation of rail freight terminals
52212,Transportation and storage,Operation of rail passenger facilities at railway stations
52213,Transportation and storage,Operation of bus and coach passenger facilities at bus and coach stations
52219,Transportation and storage,"Other service activities incidental to land transportation, n.e.c."
52220,Transportation and storage,Service activities incidental to water transportation
52230,Transportation and storage,Service activities incidental to air transportation
52241,Transportation and storage,Cargo handling for water transport activities
52242,Transportation and storage,Cargo handling for air transport activities
52243,Transportation and storage,Cargo handling for land transport activities
52290,Transportation and storage,Other transportation support activities
53100,Transportation and storage,Postal activities under universal service obligation
53201,Transportation and storage,Licensed carriers
53202,Transportation and storage,Unlicensed carriers
55100,Accommodation and food service activities,Hotels and similar accommodation
55201,Accommodation and food service activities,Holiday centres and villages
55202,Accommodation and food service activities,Youth hostels
55209,Accommodation and food service activities,Other holiday and other collective accommodation
55300,Accommodation and food service activities,"Recreational vehicle parks, trailer parks and camping grounds"
55900,Accommodation and food service activities,Other accommodation
56101,Accommodation and food service activities,Licenced restaurants
56102,Accommodation and food service activities,Unlicenced restaurants and cafes
56103,Accommodation and food service activities,Take-away food shops and mobile food stands
56210,Accommodation and food service activities,Event catering activities
56290,Accommodation and food service activities,Other food services
56301,Accommodation and food service activities,Licenced clubs
56302,Accommodation and food service activities,Public houses and bars
58110,Information and communication,Book publishing
58120,Information and communication,Publishing of directories and mailing lists
58130,Information and communication,Publishing of newspapers
58141,Information and communication,Publishing of learned journals
58142,Information and communication,Publishing of consumer and business journals and periodicals
58190,Information and communication,Other publishing activities
58210,Information and communication,Publishing of computer games
58290,Information and communication,Other software publishing
59111,Information and communication,Motion picture production activities
59112,Information and communication,Video production activities
59113,Information and communication,Television programme production activities
59120,Information and communication,"Motion picture, video and television programme post-production activities"
59131,Information and communication,Motion picture distribution activities
59132,Information and communication,Video distribution activities
59133,Information and communication,Television programme distribution activities
59140,Information and communication,Motion picture projection activities
59200,Information and communication,Sound recording and music publishing activities
60100,Information and communication,Radio broadcasting
60200,Information and communication,Television programming and broadcasting activities
61100,Information and communication,Wired telecommunications activities
61200,Information and communication,Wireless telecommunications activities
61300,Information and communication,Satellite telecommunications activities
61900,Information and communication,Other telecommunications activities
62011,Information and communication,Ready-made interactive leisure and entertainment software development
62012,Information and communication,Business and domestic software development
62020,Information and communication,Information technology consultancy activities
62030,Information and communication,Computer facilities management activities
62090,Information and communication,Other information technology service activities
63110,Information and communication,"Data processing, hosting and related activities"
63120,Information and communication,Web portals
63910,Information and communication,News agency activities
63990,Information and communication,Other information service activities n.e.c.
64110,Financial and insurance activities,Central banking
64191,Financial and insurance activities,Banks
64192,Financial and insurance activities,Building societies
64201,Financial and insurance activities,Activities of agricultural holding companies
64202,Financial and insurance activities,Activities of production holding companies
64203,Financial and insurance activities,Activities of construction holding companies
64204,Financial and insurance activities,Activities of distribution holding companies
64205,Financial and insurance activities,Activities of financial services holding companies
64209,Financial and insurance activities,Activities of other holding companies n.e.c.
64301,Financial and insurance activities,Activities of investment trusts
64302,Financial and insurance activities,Activities of unit trusts
64303,Financial and insurance activities,Activities of venture and development capital companies
64304,Financial and insurance activities,Activities of open-ended investment companies
64305,Financial and insurance activities,Activities of property unit trusts
64306,Financial and insurance activities,Activities of real estate investment trusts
64910,Financial and insurance activities,Financial leasing
64921,Financial and insurance activities,Credit granting by non-deposit taking finance houses and other specialist consumer credit grantors
64922,Financial and insurance activities,Activities of mortgage finance companies
64929,Financial and insurance activities,Other credit granting n.e.c.
64991,Financial and insurance activities,Security dealing on own account
64992,Financial and insurance activities,Factoring
64999,Financial and insurance activities,Financial intermediation not elsewhere classified
65110,Financial and insurance activities,Life insurance
65120,Financial and insurance activities,Non-life insurance
65201,Financial and insurance activities,Life reinsurance
65202,Financial and insurance activities,Non-life reinsurance
65300,Financial and insurance activities,Pension funding
66110,Financial and insurance activities,Administration of financial markets
66120,Financial and insurance activities,Security and commodity contracts dealing activities
66190,Financial and insurance activities,Activities auxiliary to financial intermediation n.e.c.
66210,Financial and insurance activities,Risk and damage evaluation
66220,Financial and insurance activities,Activities of insurance agents and brokers
66290,Financial and insurance activities,Other activities auxiliary to insurance and pension funding
66300,Financial and insurance activities,Fund management activities
68100,Real estate activities,Buying and selling of own real estate
68201,Real estate activities,Renting and operating of Housing Association real estate
68202,Real estate activities,Letting and operating of conference and exhibition centres
68209,Real estate activities,Other letting and operating of own or leased real estate
68310,Real estate activities,Real estate agencies
68320,Real estate activities,Management of real estate on a fee or contract basis
69101,"Professional, scientific and technical activities",Barristers at law
69102,"Professional, scientific and technical activities",Solicitors
69109,"Professional, scientific and technical activities",Activities of patent and copyright agents; other legal activities n.e.c.
69201,"Professional, scientific and technical activities",Accounting and auditing activities
69202,"Professional, scientific and technical activities",Bookkeeping activities
69203,"Professional, scientific and technical activities",Tax consultancy
70100,"Professional, scientific and technical activities",Activities of head offices
70210,"Professional, scientific and technical activities",Public relations and communications activities
70221,"Professional, scientific and technical activities",Financial management
70229,"Professional, scientific and technical activities",Management consultancy activities other than financial management
71111,"Professional, scientific and technical activities",Architectural activities
71112,"Professional, scientific and technical activities",Urban planning and landscape architectural activities
71121,"Professional, scientific and technical activities",Engineering design activities for industrial process and production
71122,"Professional, scientific and technical activities",Engineering related scientific and technical consulting activities
71129,"Professional, scientific and technical activities",Other engineering activities
71200,"Professional, scientific and technical activities",Technical testing and analysis
72110,"Professional, scientific and technical activities",Research and experimental development on biotechnology
72190,"Professional, scientific and technical activities",Other research and experimental development on natural sciences and engineering
72200,"Professional, scientific and technical activities",Research and experimental development on social sciences and humanities
73110,"Professional, scientific and technical activities",Advertising agencies
73120,"Professional, scientific and technical activities",Media representation services
73200,"Professional, scientific and technical activities",Market research and public opinion polling
74100,"Professional, scientific and technical activities",specialised design activities
74201,"Professional, scientific and technical activities",Portrait photographic activities
74202,"Professional, scientific and technical activities",Other specialist photography
74203,"Professional, scientific and technical activities",Film processing
74209,"Professional, scientific and technical activities",Photographic activities not elsewhere classified
74300,"Professional, scientific and technical activities",Translation and interpretation activities
74901,"Professional, scientific and technical activities",Environmental consulting activities
74902,"Professional, scientific and technical activities",Quantity surveying activities
74909,"Professional, scientific and technical activities","Other professional, scientific and technical activities n.e.c."
74990,"Professional, scientific and technical activities",Non-trading company non trading
75000,"Professional, scientific and technical activities",Veterinary activities
77110,Administrative and support service activities,Renting and leasing of cars and light motor vehicles
77120,Administrative and support service activities,Renting and leasing of trucks and other heavy vehicles
77210,Administrative and support service activities,Renting and leasing of recreational and sports goods
77220,Administrative and support service activities,Renting of video tapes and disks
77291,Administrative and support service activities,Renting and leasing of media entertainment equipment
77299,Administrative and support service activities,Renting and leasing of other personal and household goods
77310,Administrative and support service activities,Renting and leasing of agricultural machinery and equipment
77320,Administrative and support service activities,Renting and leasing of construction and civil engineering machinery and equipment
77330,Administrative and support service activities,Renting and leasing of office machinery and equipment (including computers)
77341,Administrative and support service activities,Renting and leasing of passenger water transport equipment
77342,Administrative and support service activities,Renting and leasing of freight water transport equipment
77351,Administrative and support service activities,Renting and leasing of air passenger transport equipment
77352,Administrative and support service activities,Renting and leasing of freight air transport equipment
77390,Administrative and support service activities,"Renting and leasing of other machinery, equipment and tangible goods n.e.c."
77400,Administrative and support service activities,"Leasing of intellectual property and similar products, except copyright works"
78101,Administrative and support service activities,"Motion picture, television and other theatrical casting activities"
78109,Administrative and support service activities,Other activities of employment placement agencies
78200,Administrative and support service activities,Temporary employment agency activities
78300,Administrative and support service activities,Human resources provision and management of human resources functions
79110,Administrative and support service activities,Travel agency activities
79120,Administrative and support service activities,Tour operator activities
79901,Administrative and support service activities,Activities of tourist guides
79909,Administrative and support service activities,Other reservation service activities n.e.c.
80100,Administrative and support service activities,Private security activities
80200,Administrative and support service activities,Security systems service activities
80300,Administrative and support service activities,Investigation activities
81100,Administrative and support service activities,Combined facilities support activities
81210,Administrative and support service activities,General cleaning of buildings
81221,Administrative and support service activities,Window cleaning services
81222,Administrative and support service activities,Specialised cleaning services
81223,Administrative and support service activities,Furnace and chimney cleaning services
81229,Administrative and support service activities,Other building and industrial cleaning activities
81291,Administrative and support service activities,Disinfecting and exterminating services
81299,Administrative and support service activities,Other cleaning services
81300,Administrative and support service activities,Landscape service activities
82110,Administrative and support service activities,Combined office administrative service activities
82190,Administrative and support service activities,"Photocopying, document preparation and other specialised office support activities"
82200,Administrative and support service activities,Activities of call centres
82301,Administrative and support service activities,Activities of exhibition and fair organisers
82302,Administrative and support service activities,Activities of conference organisers
82911,Administrative and support service activities,Activities of collection agencies
82912,Administrative and support service activities,Activities of credit bureaus
82920,Administrative and support service activities,Packaging activities
82990,Administrative and support service activities,Other business support service activities n.e.c.
84110,Public administration and defence; compulsory social security,General public administration activities
84120,Public administration and defence; compulsory social security,"Regulation of health care, education, cultural and other social services, not incl. social security"
84130,Public administration and defence; compulsory social security,Regulation of and contribution to more efficient operation of businesses
84210,Public administration and defence; compulsory social security,Foreign affairs
84220,Public administration and defence; compulsory social security,Defence activities
84230,Public administration and defence; compulsory social security,Justice and judicial activities
84240,Public administration and defence; compulsory social security,Public order and safety activities
84250,Public administration and defence; compulsory social security,Fire service activities
84300,Public administration and defence; compulsory social security,Compulsory social security activities
85100,Education,Pre-primary education
85200,Education,Primary education
85310,Education,General secondary education
85320,Education,Technical and vocational secondary education
85410,Education,Post-secondary non-tertiary education
85421,Education,First-degree level higher education
85422,Education,Post-graduate level higher education
85510,Education,Sports and recreation education
85520,Education,Cultural education
85530,Education,Driving school activities
85590,Education,Other education n.e.c.
85600,Education,Educational support services
86101,Human health and social work activities,Hospital activities
86102,Human health and social work activities,Medical nursing home activities
86210,Human health and social work activities,General medical practice activities
86220,Human health and social work activities,Specialists medical practice activities
86230,Human health and social work activities,Dental practice activities
86900,Human health and social work activities,Other human health activities
87100,Human health and social work activities,Residential nursing care facilities
87200,Human health and social work activities,"Residential care activities for learning difficulties, mental health and substance abuse"
87300,Human health and social work activities,Residential care activities for the elderly and disabled
87900,Human health and social work activities,Other residential care activities n.e.c.
88100,Human health and social work activities,Social work activities without accommodation for the elderly and disabled
88910,Human health and social work activities,Child day-care activities
88990,Human health and social work activities,Other social work activities without accommodation n.e.c.
90010,"Arts, entertainment and recreation",Performing arts
90020,"Arts, entertainment and recreation",Support activities to performing arts
90030,"Arts, entertainment and recreation",Artistic creation
90040,"Arts, entertainment and recreation",Operation of arts facilities
91011,"Arts, entertainment and recreation",Library activities
91012,"Arts, entertainment and recreation",Archives activities
91020,"Arts, entertainment and recreation",Museums activities
91030,"Arts, entertainment and recreation",Operation of historical sites and buildings and similar visitor attractions
91040,"Arts, entertainment and recreation",Botanical and zoological gardens and nature reserves activities
92000,"Arts, entertainment and recreation",Gambling and betting activities
93110,"Arts, entertainment and recreation",Operation of sports facilities
93120,"Arts, entertainment and recreation",Activities of sport clubs
93130,"Arts, entertainment and recreation",Fitness facilities
93191,"Arts, entertainment and recreation",Activities of racehorse owners
93199,"Arts, entertainment and recreation",Other sports activities
93210,"Arts, entertainment and recreation",Activities of amusement parks and theme parks
93290,"Arts, entertainment and recreation",Other amusement and recreation activities n.e.c.
94110,Other service activities,Activities of business and employers membership organisations
94120,Other service activities,Activities of professional membership organisations
94200,Other service activities,Activities of trade unions
94910,Other service activities,Activities of religious organisations
94920,Other service activities,Activities of political organisations
94990,Other service activities,Activities of other membership organisations n.e.c.
95110,Other service activities,Repair of computers and peripheral equipment
95120,Other service activities,Repair of communication equipment
95210,Other service activities,Repair of consumer electronics
95220,Other service activities,Repair of household appliances and home and garden equipment
95230,Other service activities,Repair of footwear and leather goods
95240,Other service activities,Repair of furniture and home furnishings
95250,Other service activities,"Repair of watches, clocks and jewellery"
95290,Other service activities,Repair of personal and household goods n.e.c.
96010,Other service activities,Washing and (dry-)cleaning of textile and fur products
96020,Other service activities,Hairdressing and other beauty treatment
96030,Other service activities,Funeral and related activities
96040,Other service activities,Physical well-being activities
96090,Other service activities,Other service activities n.e.c.
97000,Activities of households as employers; undifferentiated goods- and services-producing activities of households for own use,Activities of households as employers of domestic personnel
98000,Activities of households as employers; undifferentiated goods- and services-producing activities of households for own use,Residents property management
98100,Activities of households as employers; undifferentiated goods- and services-producing activities of households for own use,Undifferentiated goods-producing activities of private households for own use
98200,Activities of households as employers; undifferentiated goods- and services-producing activities of households for own use,Undifferentiated service-producing activities of private households for own use
99000,Activities of extraterritorial organisations and bodies,Activities of extraterritorial organisations and bodies
99999,Activities of extraterritorial organisations and bodies,Dormant Company
